insert into department (name, college) values ("전산과학과", "자연과학대학");
insert into department (name, college) values ("수학과", "자연과학대학");
insert into department (name, college) values ("산업공학과", "공과대학");
insert into department (name, college) values ("컴퓨터공학과", "공과대학");

insert into class (name, professor, point, time, max_capacity, present_size, open, dept_name) values ("전산과학및실습", "한상영", 4, 'SET{103 ,303 ,505 ,506 }', 0, 0, 1, "전산과학과");
insert into class (name, professor, point, time, max_capacity, present_size, open, dept_name) values ("데이타베이스개론", "이상구", 3, 'SET{105 ,307 ,308 }', 10, 0, 1, "전산과학과");
insert into class (name, professor, point, time, max_capacity, present_size, open, dept_name) values ("컴퓨터알고리즘", "문병로", 3, 'SET{202 ,203 ,402 }', 0, 0, 1, "전산과학과");
insert into class (name, professor, point, time, max_capacity, present_size, open, dept_name) values ("컴퓨터그래픽스", "신영길", 3, 'SET{305 ,306 ,507 }', 0, 0, 1, "전산과학과");
insert into class (name, professor, point, time, max_capacity, present_size, open, dept_name) values ("컴파일러설계", "한상영", 3, 'SET{101 ,102 ,103 }', 0, 0, 0, "전산과학과");
insert into class (name, professor, point, time, max_capacity, present_size, open, dept_name) values ("프로그래밍이론", "한상영", 3, 'SET{301 ,302 ,502 }', 8, 0, 1, "전산과학과");
insert into class (name, professor, point, time, max_capacity, present_size, open, dept_name) values ("프로그래밍실습", "이상구", 2, 'SET{403 ,404 }', 0, 0, 1, "전산과학과");
insert into class (name, professor, point, time, max_capacity, present_size, open, dept_name) values ("소프트웨어공학개론", "우치수", 3, 'SET{205 ,504 ,505 }', 0, 0, 1, "전산과학과");
insert into class (name, professor, point, time, max_capacity, present_size, open, dept_name) values ("미적분학", "최서영", 4, 'SET{101 ,102 ,301 ,302 }', 0, 0, 1, "수학과");
insert into class (name, professor, point, time, max_capacity, present_size, open, dept_name) values ("미분방정식", "한종규", 3, 'SET{205 ,206 ,207 }', 0, 0, 1, "수학과");
insert into class (name, professor, point, time, max_capacity, present_size, open, dept_name) values ("함수론"  , "김상문", 3, 'SET{303 ,304 ,504 }', 10, 0, 1, "수학과");
insert into class (name, professor, point, time, max_capacity, present_size, open, dept_name) values ("현대대수학", "조영현", 3, 'SET{106 ,306 ,506 }', 0, 0, 0, "수학과");
insert into class (name, professor, point, time, max_capacity, present_size, open, dept_name) values ("편미분방정식", "한종규", 3, 'SET{203 ,503 ,504 }', 0, 0, 1, "수학과");
insert into class (name, professor, point, time, max_capacity, present_size, open, dept_name) values ("실변수함수론", "김상문", 4, 'SET{207 ,208 ,407 ,408 }', 0, 0, 1, "수학과");
insert into class (name, professor, point, time, max_capacity, present_size, open, dept_name) values ("위상수학개론", "최서영", 3, 'SET{305 ,306 ,505 }', 0, 0, 0, "수학과");
insert into class (name, professor, point, time, max_capacity, present_size, open, dept_name) values ("공학수학", "함주호", 2, 'SET{405 ,406 }', 0, 0, 1, "산업공학과");
insert into class (name, professor, point, time, max_capacity, present_size, open, dept_name) values ("기술경영개론", "박용태", 3, 'SET{103 ,104 ,401 }', 0, 0, 0, "산업공학과");
insert into class (name, professor, point, time, max_capacity, present_size, open, dept_name) values ("생산관리", "강석호", 3, 'SET{101 ,301 ,501 }', 0, 0, 1, "산업공학과");
insert into class (name, professor, point, time, max_capacity, present_size, open, dept_name) values ("품질관리", "이창훈", 3, 'SET{204 ,503 ,504 }', 0, 0, 1, "산업공학과");
insert into class (name, professor, point, time, max_capacity, present_size, open, dept_name) values ("물류관리", "함주호", 3, 'SET{302 ,405 ,406 }', 8, 0, 1, "산업공학과");
insert into class (name, professor, point, time, max_capacity, present_size, open, dept_name) values ("설비관리론", "이창훈", 3, 'SET{506 ,507 ,508 }', 0, 0, 1, "산업공학과");

insert into student (number, name, class_year, total_point, present_point, dept_name) values ("94301-001", "강혜정", 3,  16, 0, "수학과");
insert into student (number, name, class_year, total_point, present_point, dept_name) values ("94301-002", "김승현", 3,  16, 0, "수학과");
insert into student (number, name, class_year, total_point, present_point, dept_name) values ("94301-003", "이현주", 3,  16, 0, "수학과"); 
insert into student (number, name, class_year, total_point, present_point, dept_name) values ("93301-002", "김기중", 4,  17, 0, "수학과"); 
insert into student (number, name, class_year, total_point, present_point, dept_name) values ("93301-003", "박태섭", 4,  17, 0, "수학과"); 
insert into student (number, name, class_year, total_point, present_point, dept_name) values ("93301-004", "최지희", 4,  17, 0, "수학과"); 
insert into student (number, name, class_year, total_point, present_point, dept_name) values ("94302-002", "김동화", 3,  16, 0, "전산과학과"); 
insert into student (number, name, class_year, total_point, present_point, dept_name) values ("94302-006", "김희정", 3,  16, 0, "전산과학과"); 
insert into student (number, name, class_year, total_point, present_point, dept_name) values ("94302-007", "박철주", 3,  16, 0, "전산과학과"); 
insert into student (number, name, class_year, total_point, present_point, dept_name) values ("94302-008", "최지희", 3,  16, 0, "전산과학과"); 
insert into student (number, name, class_year, total_point, present_point, dept_name) values ("93302-003", "김은주", 4,  17, 0, "전산과학과"); 
insert into student (number, name, class_year, total_point, present_point, dept_name) values ("93302-005", "송성철", 4,  17, 0, "전산과학과"); 
insert into student (number, name, class_year, total_point, present_point, dept_name) values ("92302-009", "이상현", 4,  17, 0, "전산과학과"); 
insert into student (number, name, class_year, total_point, present_point, dept_name) values ("94406-001", "김수철", 3,  15, 0, "산업공학과"); 
insert into student (number, name, class_year, total_point, present_point, dept_name) values ("94406-002", "김지연", 3,  15, 0, "산업공학과"); 
insert into student (number, name, class_year, total_point, present_point, dept_name) values ("94406-005", "박기진", 3,  15, 0, "산업공학과"); 
insert into student (number, name, class_year, total_point, present_point, dept_name) values ("94406-009", "송만식", 3,  15, 0, "산업공학과"); 
insert into student (number, name, class_year, total_point, present_point, dept_name) values ("93406-003", "김희정", 4,  15, 0, "산업공학과"); 
insert into student (number, name, class_year, total_point, present_point, dept_name) values ("95406-004", "김동화", 2,  16, 0, "산업공학과"); 
insert into student (number, name, class_year, total_point, present_point, dept_name) values ("95406-007", "노혜영", 2,  16, 0, "산업공학과"); 
insert into student (number, name, class_year, total_point, present_point, dept_name) values ("94419-002", "강민석", 3,  15, 0, "컴퓨터공학과"); 
insert into student (number, name, class_year, total_point, present_point, dept_name) values ("94419-004", "김정식", 3,  15, 0, "컴퓨터공학과"); 
insert into student (number, name, class_year, total_point, present_point, dept_name) values ("94419-006", "박혜성", 3,  15, 0, "컴퓨터공학과"); 
insert into student (number, name, class_year, total_point, present_point, dept_name) values ("94419-008", "이수정", 3,  15, 0, "컴퓨터공학과"); 
insert into student (number, name, class_year, total_point, present_point, dept_name) values ("93419-005", "김수철", 4,  15, 0, "컴퓨터공학과"); 

